{
  "pipelineConfig" : {
    "schemaVersion" : 6,
    "version" : 14,
    "pipelineId" : "PutEventsToMongoFromKafkacopy7e95a9b8-2e1b-4a71-95e8-c072b6f83bd2",
    "title" : "PutMatchesToFlatMatches",
    "description" : "",
    "uuid" : "fa917ae7-4f4f-4954-8649-8784a7433f5d",
    "configuration" : [ {
      "name" : "executionMode",
      "value" : "STANDALONE"
    }, {
      "name" : "edgeHttpUrl",
      "value" : "http://localhost:18633"
    }, {
      "name" : "deliveryGuarantee",
      "value" : "AT_LEAST_ONCE"
    }, {
      "name" : "testOriginStage",
      "value" : "streamsets-datacollector-dev-lib::com_streamsets_pipeline_stage_devtest_rawdata_RawDataDSource::3"
    }, {
      "name" : "startEventStage",
      "value" : "streamsets-datacollector-basic-lib::com_streamsets_pipeline_stage_destination_devnull_ToErrorNullDTarget::1"
    }, {
      "name" : "stopEventStage",
      "value" : "streamsets-datacollector-basic-lib::com_streamsets_pipeline_stage_destination_devnull_ToErrorNullDTarget::1"
    }, {
      "name" : "shouldRetry",
      "value" : true
    }, {
      "name" : "retryAttempts",
      "value" : -1
    }, {
      "name" : "notifyOnStates",
      "value" : [ "RUN_ERROR", "STOPPED", "FINISHED" ]
    }, {
      "name" : "emailIDs",
      "value" : [ ]
    }, {
      "name" : "constants",
      "value" : [ ]
    }, {
      "name" : "badRecordsHandling",
      "value" : "streamsets-datacollector-basic-lib::com_streamsets_pipeline_stage_destination_devnull_ToErrorNullDTarget::1"
    }, {
      "name" : "errorRecordPolicy",
      "value" : "ORIGINAL_RECORD"
    }, {
      "name" : "statsAggregatorStage",
      "value" : "streamsets-datacollector-basic-lib::com_streamsets_pipeline_stage_destination_devnull_StatsDpmDirectlyDTarget::1"
    }, {
      "name" : "workerCount",
      "value" : 0
    }, {
      "name" : "clusterSlaveMemory",
      "value" : 2048
    }, {
      "name" : "clusterSlaveJavaOpts",
      "value" : "-XX:+UseConcMarkSweepGC -XX:+UseParNewGC -Dlog4j.debug"
    }, {
      "name" : "clusterLauncherEnv",
      "value" : [ ]
    }, {
      "name" : "mesosDispatcherURL",
      "value" : null
    }, {
      "name" : "logLevel",
      "value" : "INFO"
    }, {
      "name" : "hdfsS3ConfDir",
      "value" : null
    }, {
      "name" : "rateLimit",
      "value" : 0
    }, {
      "name" : "maxRunners",
      "value" : 0
    }, {
      "name" : "shouldCreateFailureSnapshot",
      "value" : true
    }, {
      "name" : "runnerIdleTIme",
      "value" : 60
    }, {
      "name" : "webhookConfigs",
      "value" : [ ]
    }, {
      "name" : "sparkConfigs",
      "value" : [ ]
    }, {
      "name" : "amazonEMRConfig.userRegion",
      "value" : null
    }, {
      "name" : "amazonEMRConfig.userRegionCustom",
      "value" : null
    }, {
      "name" : "amazonEMRConfig.accessKey",
      "value" : ""
    }, {
      "name" : "amazonEMRConfig.secretKey",
      "value" : ""
    }, {
      "name" : "amazonEMRConfig.s3StagingUri",
      "value" : null
    }, {
      "name" : "amazonEMRConfig.provisionNewCluster",
      "value" : false
    }, {
      "name" : "amazonEMRConfig.clusterId",
      "value" : null
    }, {
      "name" : "amazonEMRConfig.clusterPrefix",
      "value" : null
    }, {
      "name" : "amazonEMRConfig.terminateCluster",
      "value" : false
    }, {
      "name" : "amazonEMRConfig.loggingEnabled",
      "value" : true
    }, {
      "name" : "amazonEMRConfig.s3LogUri",
      "value" : null
    }, {
      "name" : "amazonEMRConfig.enableEMRDebugging",
      "value" : true
    }, {
      "name" : "amazonEMRConfig.serviceRole",
      "value" : "EMR_DefaultRole"
    }, {
      "name" : "amazonEMRConfig.jobFlowRole",
      "value" : "EMR_EC2_DefaultRole"
    }, {
      "name" : "amazonEMRConfig.visibleToAllUsers",
      "value" : true
    }, {
      "name" : "amazonEMRConfig.ec2SubnetId",
      "value" : null
    }, {
      "name" : "amazonEMRConfig.masterSecurityGroup",
      "value" : null
    }, {
      "name" : "amazonEMRConfig.slaveSecurityGroup",
      "value" : null
    }, {
      "name" : "amazonEMRConfig.instanceCount",
      "value" : 2
    }, {
      "name" : "amazonEMRConfig.masterInstanceType",
      "value" : null
    }, {
      "name" : "amazonEMRConfig.masterInstanceTypeCustom",
      "value" : null
    }, {
      "name" : "amazonEMRConfig.slaveInstanceType",
      "value" : null
    }, {
      "name" : "amazonEMRConfig.slaveInstanceTypeCustom",
      "value" : null
    }, {
      "name" : "clusterConfig.clusterType",
      "value" : "LOCAL"
    }, {
      "name" : "clusterConfig.sparkMasterUrl",
      "value" : "local[*]"
    }, {
      "name" : "clusterConfig.deployMode",
      "value" : "CLIENT"
    }, {
      "name" : "clusterConfig.hadoopUserName",
      "value" : "hdfs"
    }, {
      "name" : "clusterConfig.stagingDir",
      "value" : "/streamsets"
    }, {
      "name" : "databricksConfig.baseUrl",
      "value" : null
    }, {
      "name" : "databricksConfig.credentialType",
      "value" : null
    }, {
      "name" : "databricksConfig.username",
      "value" : ""
    }, {
      "name" : "databricksConfig.password",
      "value" : ""
    }, {
      "name" : "databricksConfig.token",
      "value" : ""
    }, {
      "name" : "databricksConfig.clusterConfig",
      "value" : "{\n    \"num_workers\": 8,\n    \"spark_version\": \"5.3.x-scala2.11\",\n    \"node_type_id\": \"i3.xlarge\"\n}"
    }, {
      "name" : "livyConfig.baseUrl",
      "value" : null
    }, {
      "name" : "livyConfig.username",
      "value" : ""
    }, {
      "name" : "livyConfig.password",
      "value" : ""
    }, {
      "name" : "databricksConfig.provisionNewCluster",
      "value" : true
    }, {
      "name" : "databricksConfig.clusterId",
      "value" : null
    }, {
      "name" : "databricksConfig.terminateCluster",
      "value" : false
    }, {
      "name" : "advancedErrorHandling",
      "value" : false
    }, {
      "name" : "clusterConfig.sparkAppName",
      "value" : "${pipeline:title()}"
    }, {
      "name" : "clusterConfig.useYarnKerberosKeytab",
      "value" : false
    }, {
      "name" : "clusterConfig.yarnKerberosKeytabSource",
      "value" : "PROPERTIES_FILE"
    }, {
      "name" : "clusterConfig.yarnKerberosKeytab",
      "value" : null
    }, {
      "name" : "clusterConfig.yarnKerberosPrincipal",
      "value" : "name@DOMAIN"
    } ],
    "uiInfo" : {
      "previewConfig" : {
        "previewSource" : "CONFIGURED_SOURCE",
        "batchSize" : 10,
        "timeout" : 30000,
        "writeToDestinations" : false,
        "executeLifecycleEvents" : false,
        "showHeader" : false,
        "showFieldType" : true,
        "rememberMe" : false
      }
    },
    "fragments" : [ ],
    "stages" : [ {
      "instanceName" : "KafkaConsumer_01",
      "library" : "streamsets-datacollector-apache-kafka_2_0-lib",
      "stageName" : "com_streamsets_pipeline_stage_origin_kafka_KafkaDSource",
      "stageVersion" : "7",
      "configuration" : [ {
        "name" : "kafkaConfigBean.dataFormatConfig.filePatternInArchive",
        "value" : "*"
      }, {
        "name" : "kafkaConfigBean.dataFormatConfig.charset",
        "value" : "UTF-8"
      }, {
        "name" : "kafkaConfigBean.dataFormatConfig.removeCtrlChars",
        "value" : false
      }, {
        "name" : "kafkaConfigBean.dataFormatConfig.textMaxLineLen",
        "value" : 102400
      }, {
        "name" : "kafkaConfigBean.dataFormatConfig.useCustomDelimiter",
        "value" : false
      }, {
        "name" : "kafkaConfigBean.dataFormatConfig.customDelimiter",
        "value" : "\\r\\n"
      }, {
        "name" : "kafkaConfigBean.dataFormatConfig.includeCustomDelimiterInTheText",
        "value" : false
      }, {
        "name" : "kafkaConfigBean.dataFormatConfig.jsonContent",
        "value" : "MULTIPLE_OBJECTS"
      }, {
        "name" : "kafkaConfigBean.dataFormatConfig.jsonMaxObjectLen",
        "value" : 409600
      }, {
        "name" : "kafkaConfigBean.dataFormatConfig.csvFileFormat",
        "value" : "CSV"
      }, {
        "name" : "kafkaConfigBean.dataFormatConfig.csvHeader",
        "value" : "NO_HEADER"
      }, {
        "name" : "kafkaConfigBean.dataFormatConfig.csvAllowExtraColumns",
        "value" : false
      }, {
        "name" : "kafkaConfigBean.dataFormatConfig.csvExtraColumnPrefix",
        "value" : "_extra_"
      }, {
        "name" : "kafkaConfigBean.dataFormatConfig.csvMaxObjectLen",
        "value" : 1024
      }, {
        "name" : "kafkaConfigBean.dataFormatConfig.csvCustomDelimiter",
        "value" : "|"
      }, {
        "name" : "kafkaConfigBean.dataFormatConfig.csvCustomEscape",
        "value" : "\\"
      }, {
        "name" : "kafkaConfigBean.dataFormatConfig.csvCustomQuote",
        "value" : "\""
      }, {
        "name" : "kafkaConfigBean.dataFormatConfig.csvEnableComments",
        "value" : false
      }, {
        "name" : "kafkaConfigBean.dataFormatConfig.csvCommentMarker",
        "value" : "#"
      }, {
        "name" : "kafkaConfigBean.dataFormatConfig.csvIgnoreEmptyLines",
        "value" : true
      }, {
        "name" : "kafkaConfigBean.dataFormatConfig.csvRecordType",
        "value" : "LIST_MAP"
      }, {
        "name" : "kafkaConfigBean.dataFormatConfig.csvSkipStartLines",
        "value" : 0
      }, {
        "name" : "kafkaConfigBean.dataFormatConfig.parseNull",
        "value" : false
      }, {
        "name" : "kafkaConfigBean.dataFormatConfig.nullConstant",
        "value" : "\\\\N"
      }, {
        "name" : "kafkaConfigBean.dataFormatConfig.xmlRecordElement",
        "value" : null
      }, {
        "name" : "kafkaConfigBean.dataFormatConfig.includeFieldXpathAttributes",
        "value" : false
      }, {
        "name" : "kafkaConfigBean.dataFormatConfig.xPathNamespaceContext",
        "value" : [ ]
      }, {
        "name" : "kafkaConfigBean.dataFormatConfig.outputFieldAttributes",
        "value" : false
      }, {
        "name" : "kafkaConfigBean.dataFormatConfig.xmlMaxObjectLen",
        "value" : 4096
      }, {
        "name" : "kafkaConfigBean.dataFormatConfig.logMode",
        "value" : "COMMON_LOG_FORMAT"
      }, {
        "name" : "kafkaConfigBean.dataFormatConfig.logMaxObjectLen",
        "value" : 1024
      }, {
        "name" : "kafkaConfigBean.dataFormatConfig.retainOriginalLine",
        "value" : false
      }, {
        "name" : "kafkaConfigBean.dataFormatConfig.customLogFormat",
        "value" : "%h %l %u %t \"%r\" %>s %b"
      }, {
        "name" : "kafkaConfigBean.dataFormatConfig.regex",
        "value" : "^(\\S+) (\\S+) (\\S+) \\[([\\w:/]+\\s[+\\-]\\d{4})\\] \"(\\S+) (\\S+) (\\S+)\" (\\d{3}) (\\d+)"
      }, {
        "name" : "kafkaConfigBean.dataFormatConfig.fieldPathsToGroupName",
        "value" : [ {
          "fieldPath" : "/",
          "group" : 1
        } ]
      }, {
        "name" : "kafkaConfigBean.dataFormatConfig.grokPatternDefinition",
        "value" : null
      }, {
        "name" : "kafkaConfigBean.dataFormatConfig.grokPattern",
        "value" : "%{COMMONAPACHELOG}"
      }, {
        "name" : "kafkaConfigBean.dataFormatConfig.onParseError",
        "value" : "ERROR"
      }, {
        "name" : "kafkaConfigBean.dataFormatConfig.maxStackTraceLines",
        "value" : 50
      }, {
        "name" : "kafkaConfigBean.dataFormatConfig.enableLog4jCustomLogFormat",
        "value" : false
      }, {
        "name" : "kafkaConfigBean.dataFormatConfig.log4jCustomLogFormat",
        "value" : "%r [%t] %-5p %c %x - %m%n"
      }, {
        "name" : "kafkaConfigBean.dataFormatConfig.avroSchemaSource",
        "value" : null
      }, {
        "name" : "kafkaConfigBean.dataFormatConfig.avroSchema",
        "value" : null
      }, {
        "name" : "kafkaConfigBean.dataFormatConfig.schemaRegistryUrls",
        "value" : [ ]
      }, {
        "name" : "kafkaConfigBean.dataFormatConfig.schemaLookupMode",
        "value" : "SUBJECT"
      }, {
        "name" : "kafkaConfigBean.dataFormatConfig.subject",
        "value" : null
      }, {
        "name" : "kafkaConfigBean.dataFormatConfig.schemaId",
        "value" : null
      }, {
        "name" : "kafkaConfigBean.dataFormatConfig.protoDescriptorFile",
        "value" : null
      }, {
        "name" : "kafkaConfigBean.dataFormatConfig.messageType",
        "value" : null
      }, {
        "name" : "kafkaConfigBean.dataFormatConfig.isDelimited",
        "value" : true
      }, {
        "name" : "kafkaConfigBean.dataFormatConfig.binaryMaxObjectLen",
        "value" : 1024
      }, {
        "name" : "kafkaConfigBean.dataFormatConfig.datagramMode",
        "value" : "SYSLOG"
      }, {
        "name" : "kafkaConfigBean.dataFormatConfig.typesDbPath",
        "value" : null
      }, {
        "name" : "kafkaConfigBean.dataFormatConfig.convertTime",
        "value" : false
      }, {
        "name" : "kafkaConfigBean.dataFormatConfig.excludeInterval",
        "value" : true
      }, {
        "name" : "kafkaConfigBean.dataFormatConfig.authFilePath",
        "value" : null
      }, {
        "name" : "kafkaConfigBean.dataFormatConfig.netflowOutputValuesMode",
        "value" : "RAW_AND_INTERPRETED"
      }, {
        "name" : "kafkaConfigBean.dataFormatConfig.maxTemplateCacheSize",
        "value" : -1
      }, {
        "name" : "kafkaConfigBean.dataFormatConfig.templateCacheTimeoutMs",
        "value" : -1
      }, {
        "name" : "kafkaConfigBean.dataFormatConfig.netflowOutputValuesModeDatagram",
        "value" : "RAW_AND_INTERPRETED"
      }, {
        "name" : "kafkaConfigBean.dataFormatConfig.maxTemplateCacheSizeDatagram",
        "value" : -1
      }, {
        "name" : "kafkaConfigBean.dataFormatConfig.templateCacheTimeoutMsDatagram",
        "value" : -1
      }, {
        "name" : "kafkaConfigBean.dataFormatConfig.wholeFileMaxObjectLen",
        "value" : 8192
      }, {
        "name" : "kafkaConfigBean.dataFormatConfig.rateLimit",
        "value" : "-1"
      }, {
        "name" : "kafkaConfigBean.dataFormatConfig.verifyChecksum",
        "value" : false
      }, {
        "name" : "kafkaConfigBean.dataFormatConfig.excelHeader",
        "value" : null
      }, {
        "name" : "kafkaConfigBean.dataFormat",
        "value" : "JSON"
      }, {
        "name" : "kafkaConfigBean.metadataBrokerList",
        "value" : "fra101:9092"
      }, {
        "name" : "kafkaConfigBean.zookeeperConnect",
        "value" : "fra101:2181"
      }, {
        "name" : "kafkaConfigBean.consumerGroup",
        "value" : "hhyudetfbb"
      }, {
        "name" : "kafkaConfigBean.topic",
        "value" : "Matches2"
      }, {
        "name" : "kafkaConfigBean.produceSingleRecordPerMessage",
        "value" : false
      }, {
        "name" : "kafkaConfigBean.maxBatchSize",
        "value" : 1
      }, {
        "name" : "kafkaConfigBean.maxWaitTime",
        "value" : 20
      }, {
        "name" : "kafkaConfigBean.maxRatePerPartition",
        "value" : 1
      }, {
        "name" : "kafkaConfigBean.keyDeserializer",
        "value" : "STRING"
      }, {
        "name" : "kafkaConfigBean.valueDeserializer",
        "value" : "DEFAULT"
      }, {
        "name" : "kafkaConfigBean.kafkaAutoOffsetReset",
        "value" : "EARLIEST"
      }, {
        "name" : "kafkaConfigBean.timestampToSearchOffsets",
        "value" : 0
      }, {
        "name" : "kafkaConfigBean.kafkaConsumerConfigs",
        "value" : [ ]
      }, {
        "name" : "kafkaConfigBean.timestampsEnabled",
        "value" : false
      }, {
        "name" : "stageOnRecordError",
        "value" : "DISCARD"
      }, {
        "name" : "kafkaConfigBean.dataFormatConfig.multiCharacterFieldDelimiter",
        "value" : "||"
      }, {
        "name" : "kafkaConfigBean.dataFormatConfig.multiCharacterLineDelimiter",
        "value" : "${str:unescapeJava('\\\\n')}"
      }, {
        "name" : "kafkaConfigBean.dataFormatConfig.excelSkipCellsWithNoHeader",
        "value" : false
      }, {
        "name" : "kafkaConfigBean.dataFormatConfig.excelReadAllSheets",
        "value" : true
      }, {
        "name" : "kafkaConfigBean.dataFormatConfig.excelSheetNames",
        "value" : [ ]
      } ],
      "uiInfo" : {
        "yPos" : 93,
        "stageType" : "SOURCE",
        "rawSource" : {
          "configuration" : [ {
            "name" : "brokerHost",
            "value" : "localhost"
          }, {
            "name" : "brokerPort",
            "value" : 9092
          }, {
            "name" : "topic",
            "value" : "myTopic"
          }, {
            "name" : "partition",
            "value" : 0
          }, {
            "name" : "maxWaitTime",
            "value" : 1000
          } ]
        },
        "description" : "",
        "label" : "Matches",
        "xPos" : -401
      },
      "inputLanes" : [ ],
      "outputLanes" : [ "KafkaConsumer_01OutputLane15516231938920" ],
      "eventLanes" : [ ],
      "services" : [ ]
    }, {
      "instanceName" : "ExpressionEvaluator_01",
      "library" : "streamsets-datacollector-basic-lib",
      "stageName" : "com_streamsets_pipeline_stage_processor_expression_ExpressionDProcessor",
      "stageVersion" : "2",
      "configuration" : [ {
        "name" : "expressionProcessorConfigs",
        "value" : [ {
          "fieldToSet" : "/",
          "expression" : "${record:value('/')}"
        } ]
      }, {
        "name" : "headerAttributeConfigs",
        "value" : [ {
          "attributeToSet" : "sdc.operation.type",
          "headerAttributeExpression" : "3"
        } ]
      }, {
        "name" : "fieldAttributeConfigs",
        "value" : [ {
          "fieldToSet" : "/"
        } ]
      }, {
        "name" : "stageOnRecordError",
        "value" : "TO_ERROR"
      }, {
        "name" : "stageRequiredFields",
        "value" : [ ]
      }, {
        "name" : "stageRecordPreconditions",
        "value" : [ ]
      } ],
      "uiInfo" : {
        "description" : "",
        "label" : "Marks record for upsert",
        "xPos" : -216.04046630859375,
        "yPos" : 95.70604705810547,
        "stageType" : "PROCESSOR"
      },
      "inputLanes" : [ "KafkaConsumer_01OutputLane15516231938920" ],
      "outputLanes" : [ "ExpressionEvaluator_01OutputLane15540545523570" ],
      "eventLanes" : [ ],
      "services" : [ ]
    }, {
      "instanceName" : "FieldRemover_01",
      "library" : "streamsets-datacollector-basic-lib",
      "stageName" : "com_streamsets_pipeline_stage_processor_fieldfilter_FieldFilterDProcessor",
      "stageVersion" : "1",
      "configuration" : [ {
        "name" : "filterOperation",
        "value" : "KEEP"
      }, {
        "name" : "fields",
        "value" : [ "/id", "/time/status", "/time", "/league_id", "/to_exists", "/venue_id", "/referee_id", "/localteam_id", "/visitorteam_id", "/attendance", "/time/extra_minute", "/coaches/visitorteam_coach_id", "/coaches/localteam_coach_id", "/coaches", "/standings/visitorteam_position", "/standings/localteam_position", "/standings", "/assistants/fourth_official_id", "/assistants/second_assistant_id", "/assistants/first_assistant_id", "/assistants", "/stats/data[1]", "/stats/data[1]/team_id", "/stats/data[1]/shots", "/stats/data[1]/shots/ongoal", "/stats/data[1]/shots/total", "/stats/data[1]/shots/offgoal", "/stats/data[1]/shots/blocked", "/stats/data[1]/shots/outsidebox", "/stats/data[1]/shots/insidebox", "/stats/data[1]/passes", "/stats/data[1]/passes/total", "/stats/data[1]/passes/accurate", "/stats/data[1]/attacks/attacks", "/stats/data[1]/attacks", "/stats/data[1]/attacks/dangerous_attacks", "/stats/data[1]/fouls", "/stats/data[1]/corners", "/stats/data[1]/offsides", "/stats/data[1]/possessiontime", "/stats/data[1]/yellowcards", "/stats/data[1]/goals", "/stats/data[1]/injuries", "/stats/data[0]/fixture_id", "/stats/data[0]", "/stats/data[0]/shots", "/stats/data[0]/shots/total", "/stats/data[0]/shots/offgoal", "/stats/data[0]/shots/ongoal", "/stats/data[0]/shots/insidebox", "/stats/data[0]/shots/blocked", "/stats/data[0]/shots/outsidebox", "/stats/data[0]/passes/total", "/stats/data[0]/passes/accurate", "/stats/data[0]/passes", "/stats/data[0]/attacks/attacks", "/stats/data[0]/attacks/dangerous_attacks", "/stats/data[0]/attacks", "/stats/data[0]/fouls", "/stats/data[0]/corners", "/stats/data[0]/offsides", "/stats/data[0]/possessiontime", "/stats/data[0]/yellowcards", "/stats/data[0]/redcards", "/stats/data[0]/yellowredcards", "/stats/data[0]/saves", "/stats/data[0]/substitutions", "/stats/data[0]/ball_safe", "/stats/data[0]/goals", "/stats/data[0]/penalties", "/stats/data[0]/injuries", "/stats/data[1]/substitutions", "/stats/data[1]/saves", "/stats/data[1]/yellowredcards", "/stats/data[1]/redcards", "/stats/data[1]/ball_safe", "/stats/data[1]/penalties", "/visitorTeam/data/name", "/localTeam/data/name", "/time/minute", "/time/second", "/time/injury_time", "/time/starting_at/date_time", "/time/starting_at/date", "/time/starting_at/time" ]
      }, {
        "name" : "constant",
        "value" : null
      }, {
        "name" : "stageRequiredFields",
        "value" : [ ]
      }, {
        "name" : "stageRecordPreconditions",
        "value" : [ ]
      } ],
      "uiInfo" : {
        "description" : "",
        "label" : "Field Remover 1",
        "xPos" : -35.092477798461914,
        "yPos" : 96,
        "stageType" : "PROCESSOR"
      },
      "inputLanes" : [ "ExpressionEvaluator_01OutputLane15540545523570" ],
      "outputLanes" : [ "FieldRemover_01OutputLane15692584437650" ],
      "eventLanes" : [ ],
      "services" : [ ]
    }, {
      "instanceName" : "StreamSelector_02",
      "library" : "streamsets-datacollector-basic-lib",
      "stageName" : "com_streamsets_pipeline_stage_processor_selector_SelectorDProcessor",
      "stageVersion" : "1",
      "configuration" : [ {
        "name" : "lanePredicates",
        "value" : [ {
          "outputLane" : "StreamSelector_02OutputLane1569260988254",
          "predicate" : "${record:value('/time/status') == \"NS\" }"
        }, {
          "outputLane" : "StreamSelector_02OutputLane1569260036415",
          "predicate" : "${record:value('/time/status') == \"LIVE\" }"
        }, {
          "outputLane" : "StreamSelector_02OutputLane1569259988244",
          "predicate" : "default"
        } ]
      }, {
        "name" : "stageOnRecordError",
        "value" : "TO_ERROR"
      }, {
        "name" : "stageRequiredFields",
        "value" : [ ]
      }, {
        "name" : "stageRecordPreconditions",
        "value" : [ ]
      } ],
      "uiInfo" : {
        "description" : "",
        "label" : "Stream Selector 2",
        "xPos" : 179.6044921875,
        "yPos" : 96,
        "stageType" : "PROCESSOR"
      },
      "inputLanes" : [ "FieldRemover_01OutputLane15692584437650" ],
      "outputLanes" : [ "StreamSelector_02OutputLane1569260988254", "StreamSelector_02OutputLane1569260036415", "StreamSelector_02OutputLane1569259988244" ],
      "eventLanes" : [ ],
      "services" : [ ]
    }, {
      "instanceName" : "MongoDBLookup_01",
      "library" : "streamsets-datacollector-mongodb_3-lib",
      "stageName" : "com_streamsets_pipeline_stage_processor_mongodb_MongoDBDProcessor",
      "stageVersion" : "1",
      "configuration" : [ {
        "name" : "configBean.mongoConfig.connectionString",
        "value" : "mongodb://167.71.58.55:27017"
      }, {
        "name" : "configBean.mongoConfig.isSingleMode",
        "value" : false
      }, {
        "name" : "configBean.mongoConfig.database",
        "value" : "book"
      }, {
        "name" : "configBean.mongoConfig.collection",
        "value" : "flatmatches"
      }, {
        "name" : "configBean.mongoConfig.authenticationType",
        "value" : "USER_PASS"
      }, {
        "name" : "configBean.mongoConfig.username",
        "value" : ""
      }, {
        "name" : "configBean.mongoConfig.password",
        "value" : ""
      }, {
        "name" : "configBean.mongoConfig.authSource",
        "value" : "admin"
      }, {
        "name" : "configBean.mongoConfig.connectionsPerHost",
        "value" : 100
      }, {
        "name" : "configBean.mongoConfig.minConnectionsPerHost",
        "value" : 0
      }, {
        "name" : "configBean.mongoConfig.connectTimeout",
        "value" : 10000
      }, {
        "name" : "configBean.mongoConfig.maxConnectionIdleTime",
        "value" : 0
      }, {
        "name" : "configBean.mongoConfig.maxConnectionLifeTime",
        "value" : 0
      }, {
        "name" : "configBean.mongoConfig.maxWaitTime",
        "value" : 120000
      }, {
        "name" : "configBean.mongoConfig.serverSelectionTimeout",
        "value" : 30000
      }, {
        "name" : "configBean.mongoConfig.threadsAllowedToBlockForConnectionMultiplier",
        "value" : 5
      }, {
        "name" : "configBean.mongoConfig.heartbeatFrequency",
        "value" : 10000
      }, {
        "name" : "configBean.mongoConfig.minHeartbeatFrequency",
        "value" : 500
      }, {
        "name" : "configBean.mongoConfig.heartbeatConnectTimeout",
        "value" : 20000
      }, {
        "name" : "configBean.mongoConfig.heartbeatSocketTimeout",
        "value" : 20000
      }, {
        "name" : "configBean.mongoConfig.localThreshold",
        "value" : 15
      }, {
        "name" : "configBean.mongoConfig.requiredReplicaSetName",
        "value" : null
      }, {
        "name" : "configBean.mongoConfig.cursorFinalizerEnabled",
        "value" : true
      }, {
        "name" : "configBean.mongoConfig.socketKeepAlive",
        "value" : false
      }, {
        "name" : "configBean.mongoConfig.socketTimeout",
        "value" : 0
      }, {
        "name" : "configBean.mongoConfig.sslEnabled",
        "value" : false
      }, {
        "name" : "configBean.mongoConfig.sslInvalidHostNameAllowed",
        "value" : false
      }, {
        "name" : "configBean.fieldMapping",
        "value" : [ {
          "keyName" : "id",
          "sdcField" : "/id"
        }, {
          "keyName" : "time_minute",
          "sdcField" : "/time/minute"
        } ]
      }, {
        "name" : "configBean.resultField",
        "value" : "/to_exists"
      }, {
        "name" : "configBean.multipleValuesBehavior",
        "value" : "FIRST_ONLY"
      }, {
        "name" : "configBean.missingValuesBehavior",
        "value" : "PASS_RECORD_ON"
      }, {
        "name" : "configBean.readPreference",
        "value" : "SECONDARY_PREFERRED"
      }, {
        "name" : "configBean.cacheConfig.enabled",
        "value" : false
      }, {
        "name" : "configBean.cacheConfig.maxSize",
        "value" : -1
      }, {
        "name" : "configBean.cacheConfig.evictionPolicyType",
        "value" : null
      }, {
        "name" : "configBean.cacheConfig.expirationTime",
        "value" : 1
      }, {
        "name" : "configBean.cacheConfig.timeUnit",
        "value" : "SECONDS"
      }, {
        "name" : "stageOnRecordError",
        "value" : "TO_ERROR"
      }, {
        "name" : "stageRequiredFields",
        "value" : [ ]
      }, {
        "name" : "stageRecordPreconditions",
        "value" : [ ]
      } ],
      "uiInfo" : {
        "description" : "",
        "label" : "flatmatches Lookup - id, time_minute",
        "xPos" : 517.1724243164062,
        "yPos" : 51.82640075683594,
        "stageType" : "PROCESSOR"
      },
      "inputLanes" : [ "StreamSelector_02OutputLane1569260036415" ],
      "outputLanes" : [ "MongoDBLookup_01OutputLane15690887296860" ],
      "eventLanes" : [ ],
      "services" : [ ]
    }, {
      "instanceName" : "FieldFlattener_01",
      "library" : "streamsets-datacollector-basic-lib",
      "stageName" : "com_streamsets_pipeline_stage_processor_fieldflattener_FieldFlattenerDProcessor",
      "stageVersion" : "1",
      "configuration" : [ {
        "name" : "config.flattenType",
        "value" : "ENTIRE_RECORD"
      }, {
        "name" : "config.fields",
        "value" : [ "/stats/data[0]", "/stats/data", "/stats", "/stats/data[1]" ]
      }, {
        "name" : "config.flattenInPlace",
        "value" : true
      }, {
        "name" : "config.flattenTargetField",
        "value" : null
      }, {
        "name" : "config.collisionFieldAction",
        "value" : "TO_ERROR"
      }, {
        "name" : "config.removeFlattenedField",
        "value" : true
      }, {
        "name" : "config.nameSeparator",
        "value" : "_"
      }, {
        "name" : "stageOnRecordError",
        "value" : "TO_ERROR"
      }, {
        "name" : "stageRequiredFields",
        "value" : [ ]
      }, {
        "name" : "stageRecordPreconditions",
        "value" : [ ]
      } ],
      "uiInfo" : {
        "description" : "",
        "label" : "Flatten",
        "xPos" : 716.9857177734375,
        "yPos" : 44.39208984375,
        "stageType" : "PROCESSOR"
      },
      "inputLanes" : [ "MongoDBLookup_01OutputLane15690887296860" ],
      "outputLanes" : [ "FieldFlattener_01OutputLane15690812783880" ],
      "eventLanes" : [ ],
      "services" : [ ]
    }, {
      "instanceName" : "StreamSelector_01",
      "library" : "streamsets-datacollector-basic-lib",
      "stageName" : "com_streamsets_pipeline_stage_processor_selector_SelectorDProcessor",
      "stageVersion" : "1",
      "configuration" : [ {
        "name" : "lanePredicates",
        "value" : [ {
          "outputLane" : "StreamSelector_01OutputLane1569088930984",
          "predicate" : "${record:value('/to_exists_id') != null}"
        }, {
          "outputLane" : "StreamSelector_01OutputLane1569088908835",
          "predicate" : "default"
        } ]
      }, {
        "name" : "stageOnRecordError",
        "value" : "TO_ERROR"
      }, {
        "name" : "stageRequiredFields",
        "value" : [ ]
      }, {
        "name" : "stageRecordPreconditions",
        "value" : [ ]
      } ],
      "uiInfo" : {
        "description" : "",
        "label" : "Stream Selector 1",
        "xPos" : 927.507568359375,
        "yPos" : 41.886131286621094,
        "stageType" : "PROCESSOR"
      },
      "inputLanes" : [ "FieldFlattener_01OutputLane15690812783880" ],
      "outputLanes" : [ "StreamSelector_01OutputLane1569088930984", "StreamSelector_01OutputLane1569088908835" ],
      "eventLanes" : [ ],
      "services" : [ ]
    }, {
      "instanceName" : "MongoDB_01",
      "library" : "streamsets-datacollector-mongodb_3-lib",
      "stageName" : "com_streamsets_pipeline_stage_destination_mongodb_MongoDBDTarget",
      "stageVersion" : "4",
      "configuration" : [ {
        "name" : "configBean.mongoConfig.connectionString",
        "value" : "mongodb://167.71.58.55:27017"
      }, {
        "name" : "configBean.mongoConfig.database",
        "value" : "book"
      }, {
        "name" : "configBean.mongoConfig.collection",
        "value" : "flatmatches"
      }, {
        "name" : "configBean.mongoConfig.authenticationType",
        "value" : "USER_PASS"
      }, {
        "name" : "configBean.mongoConfig.username",
        "value" : ""
      }, {
        "name" : "configBean.mongoConfig.password",
        "value" : ""
      }, {
        "name" : "configBean.mongoConfig.authSource",
        "value" : "admin"
      }, {
        "name" : "configBean.mongoConfig.connectionsPerHost",
        "value" : 100
      }, {
        "name" : "configBean.mongoConfig.minConnectionsPerHost",
        "value" : 0
      }, {
        "name" : "configBean.mongoConfig.connectTimeout",
        "value" : 10000
      }, {
        "name" : "configBean.mongoConfig.maxConnectionIdleTime",
        "value" : 0
      }, {
        "name" : "configBean.mongoConfig.maxConnectionLifeTime",
        "value" : 0
      }, {
        "name" : "configBean.mongoConfig.maxWaitTime",
        "value" : 120000
      }, {
        "name" : "configBean.mongoConfig.serverSelectionTimeout",
        "value" : 30000
      }, {
        "name" : "configBean.mongoConfig.threadsAllowedToBlockForConnectionMultiplier",
        "value" : 5
      }, {
        "name" : "configBean.mongoConfig.heartbeatFrequency",
        "value" : 10000
      }, {
        "name" : "configBean.mongoConfig.minHeartbeatFrequency",
        "value" : 500
      }, {
        "name" : "configBean.mongoConfig.heartbeatConnectTimeout",
        "value" : 20000
      }, {
        "name" : "configBean.mongoConfig.heartbeatSocketTimeout",
        "value" : 20000
      }, {
        "name" : "configBean.mongoConfig.localThreshold",
        "value" : 15
      }, {
        "name" : "configBean.mongoConfig.requiredReplicaSetName",
        "value" : null
      }, {
        "name" : "configBean.mongoConfig.cursorFinalizerEnabled",
        "value" : true
      }, {
        "name" : "configBean.mongoConfig.socketKeepAlive",
        "value" : false
      }, {
        "name" : "configBean.mongoConfig.socketTimeout",
        "value" : 0
      }, {
        "name" : "configBean.mongoConfig.sslEnabled",
        "value" : false
      }, {
        "name" : "configBean.mongoConfig.sslInvalidHostNameAllowed",
        "value" : false
      }, {
        "name" : "configBean.uniqueKeyField",
        "value" : [ "/id", "/time_minute" ]
      }, {
        "name" : "configBean.isUpsert",
        "value" : true
      }, {
        "name" : "configBean.writeConcern",
        "value" : "JOURNALED"
      }, {
        "name" : "stageOnRecordError",
        "value" : "TO_ERROR"
      }, {
        "name" : "stageRequiredFields",
        "value" : [ ]
      }, {
        "name" : "stageRecordPreconditions",
        "value" : [ ]
      } ],
      "uiInfo" : {
        "description" : "",
        "label" : "FlatMatches - LIVE",
        "xPos" : 1266.2589111328125,
        "yPos" : 47.54236602783203,
        "stageType" : "TARGET"
      },
      "inputLanes" : [ "StreamSelector_01OutputLane1569088908835" ],
      "outputLanes" : [ ],
      "eventLanes" : [ ],
      "services" : [ ]
    }, {
      "instanceName" : "MongoDBLookup_02",
      "library" : "streamsets-datacollector-mongodb_3-lib",
      "stageName" : "com_streamsets_pipeline_stage_processor_mongodb_MongoDBDProcessor",
      "stageVersion" : "1",
      "configuration" : [ {
        "name" : "configBean.mongoConfig.connectionString",
        "value" : "mongodb://167.71.58.55:27017"
      }, {
        "name" : "configBean.mongoConfig.isSingleMode",
        "value" : false
      }, {
        "name" : "configBean.mongoConfig.database",
        "value" : "book"
      }, {
        "name" : "configBean.mongoConfig.collection",
        "value" : "flatmatches"
      }, {
        "name" : "configBean.mongoConfig.authenticationType",
        "value" : "USER_PASS"
      }, {
        "name" : "configBean.mongoConfig.username",
        "value" : ""
      }, {
        "name" : "configBean.mongoConfig.password",
        "value" : ""
      }, {
        "name" : "configBean.mongoConfig.authSource",
        "value" : "admin"
      }, {
        "name" : "configBean.mongoConfig.connectionsPerHost",
        "value" : 100
      }, {
        "name" : "configBean.mongoConfig.minConnectionsPerHost",
        "value" : 0
      }, {
        "name" : "configBean.mongoConfig.connectTimeout",
        "value" : 10000
      }, {
        "name" : "configBean.mongoConfig.maxConnectionIdleTime",
        "value" : 0
      }, {
        "name" : "configBean.mongoConfig.maxConnectionLifeTime",
        "value" : 0
      }, {
        "name" : "configBean.mongoConfig.maxWaitTime",
        "value" : 120000
      }, {
        "name" : "configBean.mongoConfig.serverSelectionTimeout",
        "value" : 30000
      }, {
        "name" : "configBean.mongoConfig.threadsAllowedToBlockForConnectionMultiplier",
        "value" : 5
      }, {
        "name" : "configBean.mongoConfig.heartbeatFrequency",
        "value" : 10000
      }, {
        "name" : "configBean.mongoConfig.minHeartbeatFrequency",
        "value" : 500
      }, {
        "name" : "configBean.mongoConfig.heartbeatConnectTimeout",
        "value" : 20000
      }, {
        "name" : "configBean.mongoConfig.heartbeatSocketTimeout",
        "value" : 20000
      }, {
        "name" : "configBean.mongoConfig.localThreshold",
        "value" : 15
      }, {
        "name" : "configBean.mongoConfig.requiredReplicaSetName",
        "value" : null
      }, {
        "name" : "configBean.mongoConfig.cursorFinalizerEnabled",
        "value" : true
      }, {
        "name" : "configBean.mongoConfig.socketKeepAlive",
        "value" : false
      }, {
        "name" : "configBean.mongoConfig.socketTimeout",
        "value" : 0
      }, {
        "name" : "configBean.mongoConfig.sslEnabled",
        "value" : false
      }, {
        "name" : "configBean.mongoConfig.sslInvalidHostNameAllowed",
        "value" : false
      }, {
        "name" : "configBean.fieldMapping",
        "value" : [ {
          "keyName" : "time_status",
          "sdcField" : "/time/status"
        }, {
          "keyName" : "id",
          "sdcField" : "/id"
        } ]
      }, {
        "name" : "configBean.resultField",
        "value" : "/to_exists"
      }, {
        "name" : "configBean.multipleValuesBehavior",
        "value" : "FIRST_ONLY"
      }, {
        "name" : "configBean.missingValuesBehavior",
        "value" : "PASS_RECORD_ON"
      }, {
        "name" : "configBean.readPreference",
        "value" : "SECONDARY_PREFERRED"
      }, {
        "name" : "configBean.cacheConfig.enabled",
        "value" : false
      }, {
        "name" : "configBean.cacheConfig.maxSize",
        "value" : -1
      }, {
        "name" : "configBean.cacheConfig.evictionPolicyType",
        "value" : null
      }, {
        "name" : "configBean.cacheConfig.expirationTime",
        "value" : 1
      }, {
        "name" : "configBean.cacheConfig.timeUnit",
        "value" : "SECONDS"
      }, {
        "name" : "stageOnRecordError",
        "value" : "TO_ERROR"
      }, {
        "name" : "stageRequiredFields",
        "value" : [ ]
      }, {
        "name" : "stageRecordPreconditions",
        "value" : [ ]
      } ],
      "uiInfo" : {
        "description" : "",
        "label" : "flatmatches Lookup - time_status, id",
        "xPos" : 515.081787109375,
        "yPos" : 183.59352111816406,
        "stageType" : "PROCESSOR"
      },
      "inputLanes" : [ "StreamSelector_02OutputLane1569259988244" ],
      "outputLanes" : [ "MongoDBLookup_02OutputLane15692605883700" ],
      "eventLanes" : [ ],
      "services" : [ ]
    }, {
      "instanceName" : "FieldFlattener_02",
      "library" : "streamsets-datacollector-basic-lib",
      "stageName" : "com_streamsets_pipeline_stage_processor_fieldflattener_FieldFlattenerDProcessor",
      "stageVersion" : "1",
      "configuration" : [ {
        "name" : "config.flattenType",
        "value" : "ENTIRE_RECORD"
      }, {
        "name" : "config.fields",
        "value" : [ "/stats/data[0]", "/stats/data", "/stats", "/stats/data[1]" ]
      }, {
        "name" : "config.flattenInPlace",
        "value" : true
      }, {
        "name" : "config.flattenTargetField",
        "value" : null
      }, {
        "name" : "config.collisionFieldAction",
        "value" : "TO_ERROR"
      }, {
        "name" : "config.removeFlattenedField",
        "value" : true
      }, {
        "name" : "config.nameSeparator",
        "value" : "_"
      }, {
        "name" : "stageOnRecordError",
        "value" : "TO_ERROR"
      }, {
        "name" : "stageRequiredFields",
        "value" : [ ]
      }, {
        "name" : "stageRecordPreconditions",
        "value" : [ ]
      } ],
      "uiInfo" : {
        "description" : "",
        "label" : "Flatten",
        "xPos" : 721.0135498046875,
        "yPos" : 195.44699096679688,
        "stageType" : "PROCESSOR"
      },
      "inputLanes" : [ "MongoDBLookup_02OutputLane15692605883700" ],
      "outputLanes" : [ "FieldFlattener_02OutputLane15692605823690" ],
      "eventLanes" : [ ],
      "services" : [ ]
    }, {
      "instanceName" : "StreamSelector_03",
      "library" : "streamsets-datacollector-basic-lib",
      "stageName" : "com_streamsets_pipeline_stage_processor_selector_SelectorDProcessor",
      "stageVersion" : "1",
      "configuration" : [ {
        "name" : "lanePredicates",
        "value" : [ {
          "outputLane" : "StreamSelector_03OutputLane15692605957220",
          "predicate" : "${record:value('/to_exists_id') != null}"
        }, {
          "outputLane" : "StreamSelector_03OutputLane15692605957221",
          "predicate" : "default"
        } ]
      }, {
        "name" : "stageOnRecordError",
        "value" : "TO_ERROR"
      }, {
        "name" : "stageRequiredFields",
        "value" : [ ]
      }, {
        "name" : "stageRecordPreconditions",
        "value" : [ ]
      } ],
      "uiInfo" : {
        "description" : "",
        "label" : "Stream Selector 3",
        "xPos" : 925.6575317382812,
        "yPos" : 194.10606384277344,
        "stageType" : "PROCESSOR"
      },
      "inputLanes" : [ "FieldFlattener_02OutputLane15692605823690" ],
      "outputLanes" : [ "StreamSelector_03OutputLane15692605957220", "StreamSelector_03OutputLane15692605957221" ],
      "eventLanes" : [ ],
      "services" : [ ]
    }, {
      "instanceName" : "MongoDB_03",
      "library" : "streamsets-datacollector-mongodb_3-lib",
      "stageName" : "com_streamsets_pipeline_stage_destination_mongodb_MongoDBDTarget",
      "stageVersion" : "4",
      "configuration" : [ {
        "name" : "configBean.mongoConfig.connectionString",
        "value" : "mongodb://167.71.58.55:27017"
      }, {
        "name" : "configBean.mongoConfig.database",
        "value" : "book"
      }, {
        "name" : "configBean.mongoConfig.collection",
        "value" : "flatmatches"
      }, {
        "name" : "configBean.mongoConfig.authenticationType",
        "value" : "USER_PASS"
      }, {
        "name" : "configBean.mongoConfig.username",
        "value" : ""
      }, {
        "name" : "configBean.mongoConfig.password",
        "value" : ""
      }, {
        "name" : "configBean.mongoConfig.authSource",
        "value" : "admin"
      }, {
        "name" : "configBean.mongoConfig.connectionsPerHost",
        "value" : 100
      }, {
        "name" : "configBean.mongoConfig.minConnectionsPerHost",
        "value" : 0
      }, {
        "name" : "configBean.mongoConfig.connectTimeout",
        "value" : 10000
      }, {
        "name" : "configBean.mongoConfig.maxConnectionIdleTime",
        "value" : 0
      }, {
        "name" : "configBean.mongoConfig.maxConnectionLifeTime",
        "value" : 0
      }, {
        "name" : "configBean.mongoConfig.maxWaitTime",
        "value" : 120000
      }, {
        "name" : "configBean.mongoConfig.serverSelectionTimeout",
        "value" : 30000
      }, {
        "name" : "configBean.mongoConfig.threadsAllowedToBlockForConnectionMultiplier",
        "value" : 5
      }, {
        "name" : "configBean.mongoConfig.heartbeatFrequency",
        "value" : 10000
      }, {
        "name" : "configBean.mongoConfig.minHeartbeatFrequency",
        "value" : 500
      }, {
        "name" : "configBean.mongoConfig.heartbeatConnectTimeout",
        "value" : 20000
      }, {
        "name" : "configBean.mongoConfig.heartbeatSocketTimeout",
        "value" : 20000
      }, {
        "name" : "configBean.mongoConfig.localThreshold",
        "value" : 15
      }, {
        "name" : "configBean.mongoConfig.requiredReplicaSetName",
        "value" : null
      }, {
        "name" : "configBean.mongoConfig.cursorFinalizerEnabled",
        "value" : true
      }, {
        "name" : "configBean.mongoConfig.socketKeepAlive",
        "value" : false
      }, {
        "name" : "configBean.mongoConfig.socketTimeout",
        "value" : 0
      }, {
        "name" : "configBean.mongoConfig.sslEnabled",
        "value" : false
      }, {
        "name" : "configBean.mongoConfig.sslInvalidHostNameAllowed",
        "value" : false
      }, {
        "name" : "configBean.uniqueKeyField",
        "value" : [ "/id", "/time_status" ]
      }, {
        "name" : "configBean.isUpsert",
        "value" : true
      }, {
        "name" : "configBean.writeConcern",
        "value" : "JOURNALED"
      }, {
        "name" : "stageOnRecordError",
        "value" : "TO_ERROR"
      }, {
        "name" : "stageRequiredFields",
        "value" : [ ]
      }, {
        "name" : "stageRecordPreconditions",
        "value" : [ ]
      } ],
      "uiInfo" : {
        "description" : "",
        "label" : "FlatMatches - FT or HT",
        "xPos" : 1267.8375244140625,
        "yPos" : 192.22337341308594,
        "stageType" : "TARGET"
      },
      "inputLanes" : [ "StreamSelector_03OutputLane15692605957221" ],
      "outputLanes" : [ ],
      "eventLanes" : [ ],
      "services" : [ ]
    }, {
      "instanceName" : "Trash_01",
      "library" : "streamsets-datacollector-basic-lib",
      "stageName" : "com_streamsets_pipeline_stage_destination_devnull_NullDTarget",
      "stageVersion" : "1",
      "configuration" : [ ],
      "uiInfo" : {
        "description" : "",
        "label" : "NS",
        "xPos" : 524.1044921875,
        "yPos" : -73,
        "stageType" : "TARGET"
      },
      "inputLanes" : [ "StreamSelector_02OutputLane1569260988254" ],
      "outputLanes" : [ ],
      "eventLanes" : [ ],
      "services" : [ ]
    }, {
      "instanceName" : "Trash_02",
      "library" : "streamsets-datacollector-basic-lib",
      "stageName" : "com_streamsets_pipeline_stage_destination_devnull_NullDTarget",
      "stageVersion" : "1",
      "configuration" : [ ],
      "uiInfo" : {
        "description" : "",
        "label" : "duplicate FT/HT or live",
        "xPos" : 1268.8804931640625,
        "yPos" : -79.82617568969727,
        "stageType" : "TARGET"
      },
      "inputLanes" : [ "StreamSelector_01OutputLane1569088930984", "StreamSelector_03OutputLane15692605957220" ],
      "outputLanes" : [ ],
      "eventLanes" : [ ],
      "services" : [ ]
    }, {
      "instanceName" : "KafkaProducer_01",
      "library" : "streamsets-datacollector-cdh_kafka_2_1-lib",
      "stageName" : "com_streamsets_pipeline_stage_destination_kafka_KafkaDTarget",
      "stageVersion" : "4",
      "configuration" : [ {
        "name" : "conf.dataFormat",
        "value" : "JSON"
      }, {
        "name" : "conf.dataGeneratorFormatConfig.charset",
        "value" : "UTF-8"
      }, {
        "name" : "conf.dataGeneratorFormatConfig.csvFileFormat",
        "value" : "CSV"
      }, {
        "name" : "conf.dataGeneratorFormatConfig.csvHeader",
        "value" : "NO_HEADER"
      }, {
        "name" : "conf.dataGeneratorFormatConfig.csvReplaceNewLines",
        "value" : true
      }, {
        "name" : "conf.dataGeneratorFormatConfig.csvReplaceNewLinesString",
        "value" : " "
      }, {
        "name" : "conf.dataGeneratorFormatConfig.csvCustomDelimiter",
        "value" : "|"
      }, {
        "name" : "conf.dataGeneratorFormatConfig.csvCustomEscape",
        "value" : "\\"
      }, {
        "name" : "conf.dataGeneratorFormatConfig.csvCustomQuote",
        "value" : "\""
      }, {
        "name" : "conf.dataGeneratorFormatConfig.csvQuoteMode",
        "value" : "MINIMAL"
      }, {
        "name" : "conf.dataGeneratorFormatConfig.jsonMode",
        "value" : "MULTIPLE_OBJECTS"
      }, {
        "name" : "conf.dataGeneratorFormatConfig.textFieldPath",
        "value" : "/text"
      }, {
        "name" : "conf.dataGeneratorFormatConfig.textRecordSeparator",
        "value" : "\\n"
      }, {
        "name" : "conf.dataGeneratorFormatConfig.textFieldMissingAction",
        "value" : "ERROR"
      }, {
        "name" : "conf.dataGeneratorFormatConfig.textEmptyLineIfNull",
        "value" : false
      }, {
        "name" : "conf.dataGeneratorFormatConfig.avroSchemaSource",
        "value" : null
      }, {
        "name" : "conf.dataGeneratorFormatConfig.avroSchema",
        "value" : null
      }, {
        "name" : "conf.dataGeneratorFormatConfig.registerSchema",
        "value" : false
      }, {
        "name" : "conf.dataGeneratorFormatConfig.schemaRegistryUrlsForRegistration",
        "value" : [ ]
      }, {
        "name" : "conf.dataGeneratorFormatConfig.schemaRegistryUrls",
        "value" : [ ]
      }, {
        "name" : "conf.dataGeneratorFormatConfig.schemaLookupMode",
        "value" : "SUBJECT"
      }, {
        "name" : "conf.dataGeneratorFormatConfig.subject",
        "value" : null
      }, {
        "name" : "conf.dataGeneratorFormatConfig.subjectToRegister",
        "value" : null
      }, {
        "name" : "conf.dataGeneratorFormatConfig.schemaId",
        "value" : null
      }, {
        "name" : "conf.dataGeneratorFormatConfig.includeSchema",
        "value" : true
      }, {
        "name" : "conf.dataGeneratorFormatConfig.avroCompression",
        "value" : "NULL"
      }, {
        "name" : "conf.dataGeneratorFormatConfig.binaryFieldPath",
        "value" : "/"
      }, {
        "name" : "conf.dataGeneratorFormatConfig.protoDescriptorFile",
        "value" : null
      }, {
        "name" : "conf.dataGeneratorFormatConfig.messageType",
        "value" : null
      }, {
        "name" : "conf.dataGeneratorFormatConfig.fileNameEL",
        "value" : null
      }, {
        "name" : "conf.dataGeneratorFormatConfig.wholeFileExistsAction",
        "value" : "TO_ERROR"
      }, {
        "name" : "conf.dataGeneratorFormatConfig.includeChecksumInTheEvents",
        "value" : false
      }, {
        "name" : "conf.dataGeneratorFormatConfig.checksumAlgorithm",
        "value" : "MD5"
      }, {
        "name" : "conf.dataGeneratorFormatConfig.xmlPrettyPrint",
        "value" : true
      }, {
        "name" : "conf.dataGeneratorFormatConfig.xmlValidateSchema",
        "value" : false
      }, {
        "name" : "conf.dataGeneratorFormatConfig.xmlSchema",
        "value" : null
      }, {
        "name" : "conf.metadataBrokerList",
        "value" : "fra101:9092"
      }, {
        "name" : "conf.runtimeTopicResolution",
        "value" : false
      }, {
        "name" : "conf.topicExpression",
        "value" : "${record:value('/topic')}"
      }, {
        "name" : "conf.topicWhiteList",
        "value" : "*"
      }, {
        "name" : "conf.topic",
        "value" : "FlatMatches21"
      }, {
        "name" : "conf.partitionStrategy",
        "value" : "ROUND_ROBIN"
      }, {
        "name" : "conf.partition",
        "value" : "${0}"
      }, {
        "name" : "conf.singleMessagePerBatch",
        "value" : false
      }, {
        "name" : "conf.keySerializer",
        "value" : "STRING"
      }, {
        "name" : "conf.valueSerializer",
        "value" : "DEFAULT"
      }, {
        "name" : "conf.kafkaProducerConfigs",
        "value" : [ ]
      }, {
        "name" : "responseConf.sendResponseToOrigin",
        "value" : false
      }, {
        "name" : "responseConf.responseType",
        "value" : "SUCCESS_RECORDS"
      }, {
        "name" : "stageOnRecordError",
        "value" : "TO_ERROR"
      }, {
        "name" : "stageRequiredFields",
        "value" : [ ]
      }, {
        "name" : "stageRecordPreconditions",
        "value" : [ ]
      } ],
      "uiInfo" : {
        "description" : "",
        "label" : "Flat Matches",
        "xPos" : 1282.8804931640625,
        "yPos" : 332,
        "stageType" : "TARGET"
      },
      "inputLanes" : [ "StreamSelector_03OutputLane15692605957221", "StreamSelector_01OutputLane1569088908835" ],
      "outputLanes" : [ ],
      "eventLanes" : [ ],
      "services" : [ ]
    } ],
    "errorStage" : {
      "instanceName" : "Discard_ErrorStage",
      "library" : "streamsets-datacollector-basic-lib",
      "stageName" : "com_streamsets_pipeline_stage_destination_devnull_ToErrorNullDTarget",
      "stageVersion" : "1",
      "configuration" : [ ],
      "uiInfo" : {
        "description" : "",
        "label" : "Error Records - Discard",
        "xPos" : 679,
        "yPos" : 50,
        "stageType" : "TARGET"
      },
      "inputLanes" : [ ],
      "outputLanes" : [ ],
      "eventLanes" : [ ],
      "services" : [ ]
    },
    "info" : {
      "pipelineId" : "PutEventsToMongoFromKafkacopy7e95a9b8-2e1b-4a71-95e8-c072b6f83bd2",
      "title" : "PutMatchesToFlatMatches",
      "description" : "",
      "created" : 1569089246905,
      "lastModified" : 1584742267258,
      "creator" : "admin",
      "lastModifier" : "admin",
      "lastRev" : "0",
      "uuid" : "fa917ae7-4f4f-4954-8649-8784a7433f5d",
      "valid" : true,
      "metadata" : {
        "labels" : [ "prod" ]
      },
      "name" : "PutEventsToMongoFromKafkacopy7e95a9b8-2e1b-4a71-95e8-c072b6f83bd2",
      "sdcVersion" : "3.10.0",
      "sdcId" : "21fa9b5e-c1d4-11e9-8871-71a0bee6d025"
    },
    "metadata" : {
      "labels" : [ "prod" ]
    },
    "statsAggregatorStage" : {
      "instanceName" : "statsAggregatorStageInstance",
      "library" : "streamsets-datacollector-basic-lib",
      "stageName" : "com_streamsets_pipeline_stage_destination_devnull_StatsDpmDirectlyDTarget",
      "stageVersion" : "1",
      "configuration" : [ ],
      "uiInfo" : {
        "stageType" : "TARGET",
        "label" : "Stats Aggregator -Write to Control Hub directly"
      },
      "inputLanes" : [ ],
      "outputLanes" : [ ],
      "eventLanes" : [ ],
      "services" : [ ]
    },
    "startEventStages" : [ {
      "instanceName" : "Discard_StartEventStage",
      "library" : "streamsets-datacollector-basic-lib",
      "stageName" : "com_streamsets_pipeline_stage_destination_devnull_ToErrorNullDTarget",
      "stageVersion" : "1",
      "configuration" : [ ],
      "uiInfo" : {
        "description" : "",
        "label" : "Start Event - Discard",
        "xPos" : 280,
        "yPos" : 50,
        "stageType" : "TARGET"
      },
      "inputLanes" : [ ],
      "outputLanes" : [ ],
      "eventLanes" : [ ],
      "services" : [ ]
    } ],
    "stopEventStages" : [ {
      "instanceName" : "Discard_StopEventStage",
      "library" : "streamsets-datacollector-basic-lib",
      "stageName" : "com_streamsets_pipeline_stage_destination_devnull_ToErrorNullDTarget",
      "stageVersion" : "1",
      "configuration" : [ ],
      "uiInfo" : {
        "description" : "",
        "label" : "Stop Event - Discard",
        "xPos" : 280,
        "yPos" : 50,
        "stageType" : "TARGET"
      },
      "inputLanes" : [ ],
      "outputLanes" : [ ],
      "eventLanes" : [ ],
      "services" : [ ]
    } ],
    "testOriginStage" : {
      "instanceName" : "com_streamsets_pipeline_stage_devtest_rawdata_RawDataDSource_TestOriginStage",
      "library" : "streamsets-datacollector-dev-lib",
      "stageName" : "com_streamsets_pipeline_stage_devtest_rawdata_RawDataDSource",
      "stageVersion" : "3",
      "configuration" : [ {
        "name" : "rawData",
        "value" : "{\n  \"f1\": \"abc\",\n  \"f2\": \"xyz\",\n  \"f3\": \"lmn\"\n}"
      }, {
        "name" : "stopAfterFirstBatch",
        "value" : false
      }, {
        "name" : "eventData",
        "value" : null
      }, {
        "name" : "stageOnRecordError",
        "value" : "TO_ERROR"
      } ],
      "uiInfo" : {
        "stageType" : "SOURCE",
        "label" : "Test Origin - Dev Raw Data Source"
      },
      "inputLanes" : [ ],
      "outputLanes" : [ "com_streamsets_pipeline_stage_devtest_rawdata_RawDataDSource_TestOriginStageOutputLane1" ],
      "eventLanes" : [ ],
      "services" : [ {
        "service" : "com.streamsets.pipeline.api.service.dataformats.DataFormatParserService",
        "serviceVersion" : 1,
        "configuration" : [ {
          "name" : "displayFormats",
          "value" : "DELIMITED,JSON,LOG,SDC_JSON,TEXT,XML"
        }, {
          "name" : "dataFormat",
          "value" : "JSON"
        }, {
          "name" : "dataFormatConfig.compression",
          "value" : "NONE"
        }, {
          "name" : "dataFormatConfig.filePatternInArchive",
          "value" : "*"
        }, {
          "name" : "dataFormatConfig.charset",
          "value" : "UTF-8"
        }, {
          "name" : "dataFormatConfig.removeCtrlChars",
          "value" : false
        }, {
          "name" : "dataFormatConfig.textMaxLineLen",
          "value" : 1024
        }, {
          "name" : "dataFormatConfig.useCustomDelimiter",
          "value" : false
        }, {
          "name" : "dataFormatConfig.customDelimiter",
          "value" : "\\r\\n"
        }, {
          "name" : "dataFormatConfig.includeCustomDelimiterInTheText",
          "value" : false
        }, {
          "name" : "dataFormatConfig.jsonContent",
          "value" : "MULTIPLE_OBJECTS"
        }, {
          "name" : "dataFormatConfig.jsonMaxObjectLen",
          "value" : 4096
        }, {
          "name" : "dataFormatConfig.csvFileFormat",
          "value" : "CSV"
        }, {
          "name" : "dataFormatConfig.csvHeader",
          "value" : "NO_HEADER"
        }, {
          "name" : "dataFormatConfig.csvAllowExtraColumns",
          "value" : false
        }, {
          "name" : "dataFormatConfig.csvExtraColumnPrefix",
          "value" : "_extra_"
        }, {
          "name" : "dataFormatConfig.csvMaxObjectLen",
          "value" : 1024
        }, {
          "name" : "dataFormatConfig.csvCustomDelimiter",
          "value" : "|"
        }, {
          "name" : "dataFormatConfig.multiCharacterFieldDelimiter",
          "value" : "||"
        }, {
          "name" : "dataFormatConfig.multiCharacterLineDelimiter",
          "value" : "${str:unescapeJava('\\\\n')}"
        }, {
          "name" : "dataFormatConfig.csvCustomEscape",
          "value" : "\\"
        }, {
          "name" : "dataFormatConfig.csvCustomQuote",
          "value" : "\""
        }, {
          "name" : "dataFormatConfig.csvEnableComments",
          "value" : false
        }, {
          "name" : "dataFormatConfig.csvCommentMarker",
          "value" : "#"
        }, {
          "name" : "dataFormatConfig.csvIgnoreEmptyLines",
          "value" : false
        }, {
          "name" : "dataFormatConfig.csvRecordType",
          "value" : "LIST_MAP"
        }, {
          "name" : "dataFormatConfig.csvSkipStartLines",
          "value" : 0
        }, {
          "name" : "dataFormatConfig.parseNull",
          "value" : false
        }, {
          "name" : "dataFormatConfig.nullConstant",
          "value" : "\\\\N"
        }, {
          "name" : "dataFormatConfig.xmlRecordElement",
          "value" : null
        }, {
          "name" : "dataFormatConfig.includeFieldXpathAttributes",
          "value" : false
        }, {
          "name" : "dataFormatConfig.xPathNamespaceContext",
          "value" : [ ]
        }, {
          "name" : "dataFormatConfig.outputFieldAttributes",
          "value" : false
        }, {
          "name" : "dataFormatConfig.xmlMaxObjectLen",
          "value" : 4096
        }, {
          "name" : "dataFormatConfig.logMode",
          "value" : "COMMON_LOG_FORMAT"
        }, {
          "name" : "dataFormatConfig.logMaxObjectLen",
          "value" : 1024
        }, {
          "name" : "dataFormatConfig.retainOriginalLine",
          "value" : false
        }, {
          "name" : "dataFormatConfig.customLogFormat",
          "value" : "%h %l %u %t \"%r\" %>s %b"
        }, {
          "name" : "dataFormatConfig.regex",
          "value" : "^(\\S+) (\\S+) (\\S+) \\[([\\w:/]+\\s[+\\-]\\d{4})\\] \"(\\S+) (\\S+) (\\S+)\" (\\d{3}) (\\d+)"
        }, {
          "name" : "dataFormatConfig.fieldPathsToGroupName",
          "value" : [ {
            "fieldPath" : "/",
            "group" : 1
          } ]
        }, {
          "name" : "dataFormatConfig.grokPatternDefinition",
          "value" : null
        }, {
          "name" : "dataFormatConfig.grokPattern",
          "value" : "%{COMMONAPACHELOG}"
        }, {
          "name" : "dataFormatConfig.onParseError",
          "value" : "ERROR"
        }, {
          "name" : "dataFormatConfig.maxStackTraceLines",
          "value" : 50
        }, {
          "name" : "dataFormatConfig.enableLog4jCustomLogFormat",
          "value" : false
        }, {
          "name" : "dataFormatConfig.log4jCustomLogFormat",
          "value" : "%r [%t] %-5p %c %x - %m%n"
        }, {
          "name" : "dataFormatConfig.avroSchemaSource",
          "value" : null
        }, {
          "name" : "dataFormatConfig.avroSchema",
          "value" : null
        }, {
          "name" : "dataFormatConfig.schemaRegistryUrls",
          "value" : [ ]
        }, {
          "name" : "dataFormatConfig.schemaLookupMode",
          "value" : "SUBJECT"
        }, {
          "name" : "dataFormatConfig.subject",
          "value" : null
        }, {
          "name" : "dataFormatConfig.schemaId",
          "value" : null
        }, {
          "name" : "dataFormatConfig.protoDescriptorFile",
          "value" : null
        }, {
          "name" : "dataFormatConfig.messageType",
          "value" : null
        }, {
          "name" : "dataFormatConfig.isDelimited",
          "value" : false
        }, {
          "name" : "dataFormatConfig.binaryMaxObjectLen",
          "value" : 1024
        }, {
          "name" : "dataFormatConfig.datagramMode",
          "value" : "SYSLOG"
        }, {
          "name" : "dataFormatConfig.typesDbPath",
          "value" : null
        }, {
          "name" : "dataFormatConfig.convertTime",
          "value" : false
        }, {
          "name" : "dataFormatConfig.excludeInterval",
          "value" : false
        }, {
          "name" : "dataFormatConfig.authFilePath",
          "value" : null
        }, {
          "name" : "dataFormatConfig.netflowOutputValuesMode",
          "value" : "RAW_AND_INTERPRETED"
        }, {
          "name" : "dataFormatConfig.maxTemplateCacheSize",
          "value" : -1
        }, {
          "name" : "dataFormatConfig.templateCacheTimeoutMs",
          "value" : -1
        }, {
          "name" : "dataFormatConfig.netflowOutputValuesModeDatagram",
          "value" : "RAW_AND_INTERPRETED"
        }, {
          "name" : "dataFormatConfig.maxTemplateCacheSizeDatagram",
          "value" : -1
        }, {
          "name" : "dataFormatConfig.templateCacheTimeoutMsDatagram",
          "value" : -1
        }, {
          "name" : "dataFormatConfig.wholeFileMaxObjectLen",
          "value" : 8192
        }, {
          "name" : "dataFormatConfig.rateLimit",
          "value" : "-1"
        }, {
          "name" : "dataFormatConfig.verifyChecksum",
          "value" : false
        }, {
          "name" : "dataFormatConfig.excelHeader",
          "value" : null
        }, {
          "name" : "dataFormatConfig.excelSkipCellsWithNoHeader",
          "value" : false
        }, {
          "name" : "dataFormatConfig.excelReadAllSheets",
          "value" : false
        }, {
          "name" : "dataFormatConfig.excelSheetNames",
          "value" : [ ]
        } ]
      } ]
    },
    "valid" : true,
    "issues" : {
      "pipelineIssues" : [ ],
      "stageIssues" : { },
      "issueCount" : 0
    },
    "previewable" : false
  },
  "pipelineRules" : {
    "schemaVersion" : 3,
    "version" : 2,
    "metricsRuleDefinitions" : [ {
      "id" : "badRecordsAlertID",
      "alertText" : "High incidence of Error Records",
      "metricId" : "pipeline.batchErrorRecords.counter",
      "metricType" : "COUNTER",
      "metricElement" : "COUNTER_COUNT",
      "condition" : "${value() > 100}",
      "sendEmail" : false,
      "enabled" : false,
      "timestamp" : 1551623181804,
      "valid" : true
    }, {
      "id" : "stageErrorAlertID",
      "alertText" : "High incidence of Stage Errors",
      "metricId" : "pipeline.batchErrorMessages.counter",
      "metricType" : "COUNTER",
      "metricElement" : "COUNTER_COUNT",
      "condition" : "${value() > 100}",
      "sendEmail" : false,
      "enabled" : false,
      "timestamp" : 1551623181804,
      "valid" : true
    }, {
      "id" : "idleGaugeID",
      "alertText" : "Pipeline is Idle",
      "metricId" : "RuntimeStatsGauge.gauge",
      "metricType" : "GAUGE",
      "metricElement" : "TIME_OF_LAST_RECEIVED_RECORD",
      "condition" : "${time:now() - value() > 120000}",
      "sendEmail" : false,
      "enabled" : false,
      "timestamp" : 1551623181804,
      "valid" : true
    }, {
      "id" : "batchTimeAlertID",
      "alertText" : "Batch taking more time to process",
      "metricId" : "RuntimeStatsGauge.gauge",
      "metricType" : "GAUGE",
      "metricElement" : "CURRENT_BATCH_AGE",
      "condition" : "${value() > 200}",
      "sendEmail" : false,
      "enabled" : false,
      "timestamp" : 1551623181804,
      "valid" : true
    }, {
      "id" : "memoryLimitAlertID",
      "alertText" : "Memory limit for pipeline exceeded",
      "metricId" : "pipeline.memoryConsumed.counter",
      "metricType" : "COUNTER",
      "metricElement" : "COUNTER_COUNT",
      "condition" : "${value() > (jvm:maxMemoryMB() * 0.65)}",
      "sendEmail" : false,
      "enabled" : false,
      "timestamp" : 1551623181804,
      "valid" : true
    } ],
    "dataRuleDefinitions" : [ ],
    "driftRuleDefinitions" : [ ],
    "uuid" : "47d66555-f7af-4c2e-8d9f-a6b6cded7368",
    "configuration" : [ {
      "name" : "emailIDs",
      "value" : [ ]
    }, {
      "name" : "webhookConfigs",
      "value" : [ ]
    } ],
    "ruleIssues" : [ ],
    "configIssues" : [ ]
  },
  "libraryDefinitions" : null
}